{
	"active_down": "ic2c_extras:block/base/bottom",
	"active_east": "ic2c_extras:block/base/side",
	"active_north": "ic2c_extras:block/base/side",
	"active_south": "ic2c_extras:block/ore_washing_plant/active_south",
	"active_up": "ic2c_extras:block/base/top",
	"active_west": "ic2c_extras:block/base/side",
	"inactive_down": "ic2c_extras:block/base/bottom",
	"inactive_east": "ic2c_extras:block/base/side",
	"inactive_north": "ic2c_extras:block/base/side",
	"inactive_south": "ic2c_extras:block/ore_washing_plant/inactive_south",
	"inactive_up": "ic2c_extras:block/base/top",
	"inactive_west": "ic2c_extras:block/base/side"
}
