{
	"active_down": "ic2:block/electric/transformer/adjustable/in_x1",
	"active_east": "ic2:block/electric/transformer/adjustable/in_x1",
	"active_north": "ic2:block/electric/transformer/adjustable/in_x1",
	"active_south": "ic2:block/electric/transformer/adjustable/out_x4",
	"active_up": "ic2:block/electric/transformer/adjustable/in_x1",
	"active_west": "ic2:block/electric/transformer/adjustable/in_x1",
	"inactive_down": "ic2:block/electric/transformer/adjustable/in_x1",
	"inactive_east": "ic2:block/electric/transformer/adjustable/in_x1",
	"inactive_north": "ic2:block/electric/transformer/adjustable/in_x1",
	"inactive_south": "ic2:block/electric/transformer/adjustable/out_x4",
	"inactive_up": "ic2:block/electric/transformer/adjustable/in_x1",
	"inactive_west": "ic2:block/electric/transformer/adjustable/in_x1"
}