{
	"active_down": "ic2c_extras:block/base/bottom",
	"active_east": "ic2c_extras:block/thermal_washer/active_east",
	"active_north": "ic2c_extras:block/thermal_washer/north",
	"active_south": "ic2c_extras:block/thermal_washer/active_south",
	"active_up": "ic2c_extras:block/base/advanced",
	"active_west": "ic2c_extras:block/thermal_washer/active_east",
	"inactive_down": "ic2c_extras:block/base/bottom",
	"inactive_east": "ic2c_extras:block/thermal_washer/inactive_east",
	"inactive_north": "ic2c_extras:block/thermal_washer/north",
	"inactive_south": "ic2c_extras:block/thermal_washer/inactive_south",
	"inactive_up": "ic2c_extras:block/base/advanced",
	"inactive_west": "ic2c_extras:block/thermal_washer/inactive_east"
}
