{
	"active_down": "ic2:block/electric/transformer/mv/x1_active",
	"active_east": "ic2:block/electric/transformer/mv/x1_active",
	"active_north": "ic2:block/electric/transformer/mv/x1_active",
	"active_south": "ic2:block/electric/transformer/mv/x3_active",
	"active_up": "ic2:block/electric/transformer/mv/x1_active",
	"active_west": "ic2:block/electric/transformer/mv/x1_active",
	"inactive_down": "ic2:block/electric/transformer/mv/x1",
	"inactive_east": "ic2:block/electric/transformer/mv/x1",
	"inactive_north": "ic2:block/electric/transformer/mv/x1",
	"inactive_south": "ic2:block/electric/transformer/mv/x3",
	"inactive_up": "ic2:block/electric/transformer/mv/x1",
	"inactive_west": "ic2:block/electric/transformer/mv/x1"
}
